{
  "sheetsById": {
    "Scene": {
      "staticOverrides": {
        "byObject": {
          "Camera": {
            "position": {
              "x": -1.526765031305708,
              "y": 1.3302200774255306,
              "z": 0.8185319117895822
            },
            "rotation": {
              "x": 0,
              "y": 0,
              "z": 0
            }
          },
          "bt2": {
            "position": {
              "x": -0.7135532361893204,
              "y": 9.019307170503184,
              "z": 39.87829748635861
            },
            "rotation": {
              "x": 2.7670919433694685,
              "y": 0.32875632079565187,
              "z": -2.6772324911198657
            }
          },
          "sword": {
            "position": {
              "x": 3.4946749951493543,
              "y": 4.13,
              "z": 0.03918446213446103
            }
          },
          "three": {
            "position": {
              "x": 4.351175105647862,
              "y": 4.221212872055908,
              "z": 0.6802771754119812
            }
          }
        }
      },
      "sequence": {
        "subUnitsPerUnit": 30,
        "length": 10,
        "type": "PositionalSequence",
        "tracksByObject": {
          "Camera": {
            "trackData": {
              "AYSEWmXiba": {
                "type": "BasicKeyframedTrack",
                "__debugName": "Camera:[\"position\",\"x\"]",
                "keyframes": [
                  {
                    "id": "LecKRZW07F",
                    "position": 0,
                    "connectedRight": true,
                    "handles": [
                      0.5,
                      1,
                      0.455,
                      0.03
                    ],
                    "type": "bezier",
                    "value": -10.189988746785845
                  },
                  {
                    "id": "QA45OXBg5z",
                    "position": 2,
                    "connectedRight": true,
                    "handles": [
                      0.257,
                      0.986,
                      0.775,
                      0.009
                    ],
                    "type": "bezier",
                    "value": -0.29717620140596246
                  },
                  {
                    "id": "0XaxTqx5FW",
                    "position": 4,
                    "connectedRight": true,
                    "handles": [
                      0.154,
                      1.027,
                      0.713,
                      0.03
                    ],
                    "type": "bezier",
                    "value": 2.8072053415381264
                  },
                  {
                    "id": "L5EfLcf7Gu",
                    "position": 6,
                    "connectedRight": true,
                    "handles": [
                      0.288,
                      0.986,
                      0.724,
                      0.009
                    ],
                    "type": "bezier",
                    "value": 6.688516386074548
                  },
                  {
                    "id": "7OgtiIpXEa",
                    "position": 8,
                    "connectedRight": true,
                    "handles": [
                      0.277,
                      0.976,
                      0.651,
                      -0.001
                    ],
                    "type": "bezier",
                    "value": 6.677171406176855
                  },
                  {
                    "id": "1L58SQY9FX",
                    "position": 10,
                    "connectedRight": true,
                    "handles": [
                      0.277,
                      0.986,
                      0.5,
                      0
                    ],
                    "type": "bezier",
                    "value": 0.16754577764845546
                  }
                ]
              },
              "qMEE1bjJWm": {
                "type": "BasicKeyframedTrack",
                "__debugName": "Camera:[\"position\",\"y\"]",
                "keyframes": [
                  {
                    "id": "4WE-uQCOqh",
                    "position": 0,
                    "connectedRight": true,
                    "handles": [
                      0.5,
                      1,
                      0.455,
                      0.03
                    ],
                    "type": "bezier",
                    "value": 3.837962668249345
                  },
                  {
                    "id": "6j6zFaHE-A",
                    "position": 2,
                    "connectedRight": true,
                    "handles": [
                      0.257,
                      0.986,
                      0.775,
                      0.009
                    ],
                    "type": "bezier",
                    "value": 13.656585512551688
                  },
                  {
                    "id": "MmAzohoZna",
                    "position": 4,
                    "connectedRight": true,
                    "handles": [
                      0.154,
                      1.027,
                      0.713,
                      0.03
                    ],
                    "type": "bezier",
                    "value": 5.401353291812361
                  },
                  {
                    "id": "oVWjtmbBsP",
                    "position": 6,
                    "connectedRight": true,
                    "handles": [
                      0.288,
                      0.986,
                      0.724,
                      0.009
                    ],
                    "type": "bezier",
                    "value": 3.042867082993277
                  },
                  {
                    "id": "nMxUTeLz9T",
                    "position": 8,
                    "connectedRight": true,
                    "handles": [
                      0.277,
                      0.976,
                      0.651,
                      -0.001
                    ],
                    "type": "bezier",
                    "value": 5.321849204686285
                  },
                  {
                    "id": "G74J3WYZQU",
                    "position": 10,
                    "connectedRight": true,
                    "handles": [
                      0.277,
                      0.986,
                      0.5,
                      0
                    ],
                    "type": "bezier",
                    "value": 9.051906046478301
                  }
                ]
              },
              "vjlWIMSNas": {
                "type": "BasicKeyframedTrack",
                "__debugName": "Camera:[\"position\",\"z\"]",
                "keyframes": [
                  {
                    "id": "MY38dESB39",
                    "position": 0,
                    "connectedRight": true,
                    "handles": [
                      0.5,
                      1,
                      0.455,
                      0.03
                    ],
                    "type": "bezier",
                    "value": 7.913370245345588
                  },
                  {
                    "id": "q--a6UHm7t",
                    "position": 2,
                    "connectedRight": true,
                    "handles": [
                      0.257,
                      0.986,
                      0.775,
                      0.009
                    ],
                    "type": "bezier",
                    "value": 3.008198548392513
                  },
                  {
                    "id": "w-ewBZ2zG6",
                    "position": 4,
                    "connectedRight": true,
                    "handles": [
                      0.154,
                      1.027,
                      0.713,
                      0.03
                    ],